Workbook

Sheet 쉬는날-근무일 차이
A1: 블록 | B1: Y | C1: 학습기 | D1: 통제변수 | E1: fold | F1: θ 쉬는날 | G1: SE 쉬는날 | H1: θ 근무일 | I1: SE 근무일 | J1: 차이 θ쉬는날−θ근무일 | K1: SE 차이 = √(SE₁²+SE₂²) | L1: 95% CI 하한 | M1: 95% CI 상한 | N1: p값 | O1: 해석
A2: 핵심 | B2: R500 | C2: RF | D2: 습도포함 | E2: 랜덤 | F2: =전체결과!H2 -> -0.0090722483 | G2: =전체결과!I2 -> 0.0093417639 | H2: =전체결과!H6 -> -0.011740478 | I2: =전체결과!I6 -> 0.0030354136 | J2: =F2-H2 -> 0.0026682302 | K2: =SQRT(G2^2+I2^2) -> 0.0098225398 | L2: =J2-1.96*K2 -> -0.016583948 | M2: =J2+1.96*K2 -> 0.021920408 | N2: =2*(1-NORMSDIST(ABS(J2/K2))) -> 0.78589606 | O2: =IF(N2<0.05,"차이 유의","차이 없음 (p≥0.05)") -> 차이 없음 (p≥0.05)
A3: 핵심 | B3: R500 | C3: RF | D3: 습도제외 | E3: 랜덤 | F3: =전체결과!H3 -> -0.0088846496 | G3: =전체결과!I3 -> 0.0088338988 | H3: =전체결과!H7 -> -0.011378965 | I3: =전체결과!I7 -> 0.0031289694 | J3: =F3-H3 -> 0.002494315 | K3: =SQRT(G3^2+I3^2) -> 0.009371671 | L3: =J3-1.96*K3 -> -0.01587416 | M3: =J3+1.96*K3 -> 0.02086279 | N3: =2*(1-NORMSDIST(ABS(J3/K3))) -> 0.79012001 | O3: =IF(N3<0.05,"차이 유의","차이 없음 (p≥0.05)") -> 차이 없음 (p≥0.05)
A4: 핵심 | B4: R500 | C4: GB | D4: 습도포함 | E4: 랜덤 | F4: =전체결과!H4 -> -0.0058015627 | G4: =전체결과!I4 -> 0.0085493118 | H4: =전체결과!H8 -> -0.011443831 | I4: =전체결과!I8 -> 0.0027020497 | J4: =F4-H4 -> 0.0056422686 | K4: =SQRT(G4^2+I4^2) -> 0.0089661477 | L4: =J4-1.96*K4 -> -0.011931381 | M4: =J4+1.96*K4 -> 0.023215918 | N4: =2*(1-NORMSDIST(ABS(J4/K4))) -> 0.52916203 | O4: =IF(N4<0.05,"차이 유의","차이 없음 (p≥0.05)") -> 차이 없음 (p≥0.05)
A5: 핵심 | B5: R500 | C5: GB | D5: 습도제외 | E5: 랜덤 | F5: =전체결과!H5 -> -0.0075814473 | G5: =전체결과!I5 -> 0.0069556539 | H5: =전체결과!H9 -> -0.011472532 | I5: =전체결과!I9 -> 0.0029374432 | J5: =F5-H5 -> 0.0038910852 | K5: =SQRT(G5^2+I5^2) -> 0.0075504764 | L5: =J5-1.96*K5 -> -0.010907849 | M5: =J5+1.96*K5 -> 0.018690019 | N5: =2*(1-NORMSDIST(ABS(J5/K5))) -> 0.60631335 | O5: =IF(N5<0.05,"차이 유의","차이 없음 (p≥0.05)") -> 차이 없음 (p≥0.05)
A6: 핵심 | B6: R2 | C6: RF | D6: 습도포함 | E6: 랜덤 | F6: =전체결과!H10 -> -0.0036977827 | G6: =전체결과!I10 -> 0.0061092103 | H6: =전체결과!H14 -> -0.0041283829 | I6: =전체결과!I14 -> 0.004078877 | J6: =F6-H6 -> 0.00043060023 | K6: =SQRT(G6^2+I6^2) -> 0.0073457258 | L6: =J6-1.96*K6 -> -0.013967022 | M6: =J6+1.96*K6 -> 0.014828223 | N6: =2*(1-NORMSDIST(ABS(J6/K6))) -> 0.95325545 | O6: =IF(N6<0.05,"차이 유의","차이 없음 (p≥0.05)") -> 차이 없음 (p≥0.05)
A7: 핵심 | B7: R2 | C7: RF | D7: 습도제외 | E7: 랜덤 | F7: =전체결과!H11 -> -0.0023320295 | G7: =전체결과!I11 -> 0.0057876459 | H7: =전체결과!H15 -> -0.0045771147 | I7: =전체결과!I15 -> 0.0038257742 | J7: =F7-H7 -> 0.0022450852 | K7: =SQRT(G7^2+I7^2) -> 0.0069378234 | L7: =J7-1.96*K7 -> -0.011353049 | M7: =J7+1.96*K7 -> 0.015843219 | N7: =2*(1-NORMSDIST(ABS(J7/K7))) -> 0.74624029 | O7: =IF(N7<0.05,"차이 유의","차이 없음 (p≥0.05)") -> 차이 없음 (p≥0.05)
A8: 핵심 | B8: R2 | C8: GB | D8: 습도포함 | E8: 랜덤 | F8: =전체결과!H12 -> -0.0062995069 | G8: =전체결과!I12 -> 0.0063304489 | H8: =전체결과!H16 -> -0.0046440765 | I8: =전체결과!I16 -> 0.0043962308 | J8: =F8-H8 -> -0.0016554304 | K8: =SQRT(G8^2+I8^2) -> 0.0077072322 | L8: =J8-1.96*K8 -> -0.016761606 | M8: =J8+1.96*K8 -> 0.013450745 | N8: =2*(1-NORMSDIST(ABS(J8/K8))) -> 0.82993166 | O8: =IF(N8<0.05,"차이 유의","차이 없음 (p≥0.05)") -> 차이 없음 (p≥0.05)
A9: 핵심 | B9: R2 | C9: GB | D9: 습도제외 | E9: 랜덤 | F9: =전체결과!H13 -> -0.0061470954 | G9: =전체결과!I13 -> 0.006105899 | H9: =전체결과!H17 -> -0.0049127402 | I9: =전체결과!I17 -> 0.0044086709 | J9: =F9-H9 -> -0.0012343552 | K9: =SQRT(G9^2+I9^2) -> 0.0075311607 | L9: =J9-1.96*K9 -> -0.01599543 | M9: =J9+1.96*K9 -> 0.01352672 | N9: =2*(1-NORMSDIST(ABS(J9/K9))) -> 0.86981008 | O9: =IF(N9<0.05,"차이 유의","차이 없음 (p≥0.05)") -> 차이 없음 (p≥0.05)
A10: 보강 | B10: R1km | C10: RF | D10: 습도포함 | E10: 랜덤 | F10: =전체결과!H18 -> -0.0067193214 | G10: =전체결과!I18 -> 0.0059074707 | H10: =전체결과!H20 -> -0.0065823041 | I10: =전체결과!I20 -> 0.0019980631 | J10: =F10-H10 -> -0.00013701731 | K10: =SQRT(G10^2+I10^2) -> 0.0062362221 | L10: =J10-1.96*K10 -> -0.012360013 | M10: =J10+1.96*K10 -> 0.012085978 | N10: =2*(1-NORMSDIST(ABS(J10/K10))) -> 0.98247093 | O10: =IF(N10<0.05,"차이 유의","차이 없음 (p≥0.05)") -> 차이 없음 (p≥0.05)
A11: 보강 | B11: R1km | C11: GB | D11: 습도포함 | E11: 랜덤 | F11: =전체결과!H19 -> -0.0063767896 | G11: =전체결과!I19 -> 0.0059058342 | H11: =전체결과!H21 -> -0.0064973144 | I11: =전체결과!I21 -> 0.0018367301 | J11: =F11-H11 -> 0.00012052475 | K11: =SQRT(G11^2+I11^2) -> 0.006184857 | L11: =J11-1.96*K11 -> -0.012001795 | M11: =J11+1.96*K11 -> 0.012242844 | N11: =2*(1-NORMSDIST(ABS(J11/K11))) -> 0.98445255 | O11: =IF(N11<0.05,"차이 유의","차이 없음 (p≥0.05)") -> 차이 없음 (p≥0.05)
A12: 보강 | B12: R500_panel | C12: RF | D12: 습도포함 | E12: 랜덤 | F12: =전체결과!H22 -> -0.010493562 | G12: =전체결과!I22 -> 0.0093912845 | H12: =전체결과!H24 -> -0.0099322624 | I12: =전체결과!I24 -> 0.003056149 | J12: =F12-H12 -> -0.00056129983 | K12: =SQRT(G12^2+I12^2) -> 0.0098760454 | L12: =J12-1.96*K12 -> -0.019918349 | M12: =J12+1.96*K12 -> 0.018795749 | N12: =2*(1-NORMSDIST(ABS(J12/K12))) -> 0.95467705 | O12: =IF(N12<0.05,"차이 유의","차이 없음 (p≥0.05)") -> 차이 없음 (p≥0.05)
A13: 보강 | B13: R500_panel | C13: GB | D13: 습도포함 | E13: 랜덤 | F13: =전체결과!H23 -> -0.0081558555 | G13: =전체결과!I23 -> 0.0082383129 | H13: =전체결과!H25 -> -0.01150558 | I13: =전체결과!I25 -> 0.0029382206 | J13: =F13-H13 -> 0.003349725 | K13: =SQRT(G13^2+I13^2) -> 0.0087465959 | L13: =J13-1.96*K13 -> -0.013793603 | M13: =J13+1.96*K13 -> 0.020493053 | N13: =2*(1-NORMSDIST(ABS(J13/K13))) -> 0.70173852 | O13: =IF(N13<0.05,"차이 유의","차이 없음 (p≥0.05)") -> 차이 없음 (p≥0.05)
A14: 보강 | B14: R500_noTrib | C14: RF | D14: 습도포함 | E14: 랜덤 | F14: =전체결과!H26 -> -0.0084046765 | G14: =전체결과!I26 -> 0.0093117568 | H14: =전체결과!H28 -> -0.011924575 | I14: =전체결과!I28 -> 0.0031094019 | J14: =F14-H14 -> 0.0035198987 | K14: =SQRT(G14^2+I14^2) -> 0.0098171887 | L14: =J14-1.96*K14 -> -0.015721791 | M14: =J14+1.96*K14 -> 0.022761589 | N14: =2*(1-NORMSDIST(ABS(J14/K14))) -> 0.71993589 | O14: =IF(N14<0.05,"차이 유의","차이 없음 (p≥0.05)") -> 차이 없음 (p≥0.05)
A15: 보강 | B15: R500_noTrib | C15: GB | D15: 습도포함 | E15: 랜덤 | F15: =전체결과!H27 -> -0.0050921926 | G15: =전체결과!I27 -> 0.007995966 | H15: =전체결과!H29 -> -0.011361523 | I15: =전체결과!I29 -> 0.0026841903 | J15: =F15-H15 -> 0.0062693301 | K15: =SQRT(G15^2+I15^2) -> 0.0084344739 | L15: =J15-1.96*K15 -> -0.010262239 | M15: =J15+1.96*K15 -> 0.022800899 | N15: =2*(1-NORMSDIST(ABS(J15/K15))) -> 0.4573011 | O15: =IF(N15<0.05,"차이 유의","차이 없음 (p≥0.05)") -> 차이 없음 (p≥0.05)
A16: 보강 | B16: ln_h500 | C16: RF | D16: 습도포함 | E16: 랜덤 | F16: =전체결과!H30 -> -0.018706016 | G16: =전체결과!I30 -> 0.022186119 | H16: =전체결과!H32 -> -0.0079498523 | I16: =전체결과!I32 -> 0.010025546 | J16: =F16-H16 -> -0.010756164 | K16: =SQRT(G16^2+I16^2) -> 0.024346159 | L16: =J16-1.96*K16 -> -0.058474635 | M16: =J16+1.96*K16 -> 0.036962308 | N16: =2*(1-NORMSDIST(ABS(J16/K16))) -> 0.65863303 | O16: =IF(N16<0.05,"차이 유의","차이 없음 (p≥0.05)") -> 차이 없음 (p≥0.05)
A17: 보강 | B17: ln_h500 | C17: GB | D17: 습도포함 | E17: 랜덤 | F17: =전체결과!H31 -> -0.0046242907 | G17: =전체결과!I31 -> 0.02271895 | H17: =전체결과!H33 -> -0.0027221221 | I17: =전체결과!I33 -> 0.010120408 | J17: =F17-H17 -> -0.0019021686 | K17: =SQRT(G17^2+I17^2) -> 0.024871134 | L17: =J17-1.96*K17 -> -0.050649592 | M17: =J17+1.96*K17 -> 0.046845255 | N17: =2*(1-NORMSDIST(ABS(J17/K17))) -> 0.93903645 | O17: =IF(N17<0.05,"차이 유의","차이 없음 (p≥0.05)") -> 차이 없음 (p≥0.05)
A18: 일조추가 | B18: R500 | C18: RF | D18: 습도포함+일조 | E18: 랜덤 | F18: =전체결과!H42 -> -0.0089177486 | G18: =전체결과!I42 -> 0.0087382021 | H18: =전체결과!H44 -> -0.011426193 | I18: =전체결과!I44 -> 0.0025872778 | J18: =F18-H18 -> 0.0025084446 | K18: =SQRT(G18^2+I18^2) -> 0.0091131873 | L18: =J18-1.96*K18 -> -0.015353402 | M18: =J18+1.96*K18 -> 0.020370292 | N18: =2*(1-NORMSDIST(ABS(J18/K18))) -> 0.78312082 | O18: =IF(N18<0.05,"차이 유의","차이 없음 (p≥0.05)") -> 차이 없음 (p≥0.05)
A19: 일조추가 | B19: R500 | C19: GB | D19: 습도포함+일조 | E19: 랜덤 | F19: =전체결과!H43 -> -0.012114579 | G19: =전체결과!I43 -> 0.0075995082 | H19: =전체결과!H45 -> -0.013526691 | I19: =전체결과!I45 -> 0.0024565612 | J19: =F19-H19 -> 0.0014121116 | K19: =SQRT(G19^2+I19^2) -> 0.00798669 | L19: =J19-1.96*K19 -> -0.014241801 | M19: =J19+1.96*K19 -> 0.017066024 | N19: =2*(1-NORMSDIST(ABS(J19/K19))) -> 0.85965912 | O19: =IF(N19<0.05,"차이 유의","차이 없음 (p≥0.05)") -> 차이 없음 (p≥0.05)
A20: 일조추가 | B20: R2 | C20: RF | D20: 습도포함+일조 | E20: 랜덤 | F20: =전체결과!H46 -> -0.0056863242 | G20: =전체결과!I46 -> 0.0055431429 | H20: =전체결과!H48 -> -0.0052538364 | I20: =전체결과!I48 -> 0.0042966035 | J20: =F20-H20 -> -0.00043248782 | K20: =SQRT(G20^2+I20^2) -> 0.0070133612 | L20: =J20-1.96*K20 -> -0.014178676 | M20: =J20+1.96*K20 -> 0.0133137 | N20: =2*(1-NORMSDIST(ABS(J20/K20))) -> 0.9508286 | O20: =IF(N20<0.05,"차이 유의","차이 없음 (p≥0.05)") -> 차이 없음 (p≥0.05)
A21: 일조추가 | B21: R2 | C21: GB | D21: 습도포함+일조 | E21: 랜덤 | F21: =전체결과!H47 -> -0.0074677378 | G21: =전체결과!I47 -> 0.0057469266 | H21: =전체결과!H49 -> -0.0068140568 | I21: =전체결과!I49 -> 0.004874605 | J21: =F21-H21 -> -0.000653681 | K21: =SQRT(G21^2+I21^2) -> 0.0075358436 | L21: =J21-1.96*K21 -> -0.015423934 | M21: =J21+1.96*K21 -> 0.014116572 | N21: =2*(1-NORMSDIST(ABS(J21/K21))) -> 0.93087587 | O21: =IF(N21<0.05,"차이 유의","차이 없음 (p≥0.05)") -> 차이 없음 (p≥0.05)
A22: 시간순fold | B22: R500 | C22: RF | D22: 습도포함 | E22: 시간순 | F22: =전체결과!H50 -> -0.028063894 | G22: =전체결과!I50 -> 0.010779509 | H22: =전체결과!H52 -> -0.017996853 | I22: =전체결과!I52 -> 0.0029930802 | J22: =F22-H22 -> -0.010067041 | K22: =SQRT(G22^2+I22^2) -> 0.011187329 | L22: =J22-1.96*K22 -> -0.031994207 | M22: =J22+1.96*K22 -> 0.011860125 | N22: =2*(1-NORMSDIST(ABS(J22/K22))) -> 0.36819426 | O22: =IF(N22<0.05,"차이 유의","차이 없음 (p≥0.05)") -> 차이 없음 (p≥0.05)
A23: 시간순fold | B23: R500 | C23: GB | D23: 습도포함 | E23: 시간순 | F23: =전체결과!H51 -> -0.00097835537 | G23: =전체결과!I51 -> 0.0095564127 | H23: =전체결과!H53 -> -0.012663135 | I23: =전체결과!I53 -> 0.0028455121 | J23: =F23-H23 -> 0.01168478 | K23: =SQRT(G23^2+I23^2) -> 0.0099710563 | L23: =J23-1.96*K23 -> -0.0078584903 | M23: =J23+1.96*K23 -> 0.03122805 | N23: =2*(1-NORMSDIST(ABS(J23/K23))) -> 0.24124932 | O23: =IF(N23<0.05,"차이 유의","차이 없음 (p≥0.05)") -> 차이 없음 (p≥0.05)
A24: 시간순fold | B24: R2 | C24: RF | D24: 습도포함 | E24: 시간순 | F24: =전체결과!H54 -> -0.0029492785 | G24: =전체결과!I54 -> 0.0062731816 | H24: =전체결과!H56 -> 0.0030898174 | I24: =전체결과!I56 -> 0.0036471319 | J24: =F24-H24 -> -0.0060390959 | K24: =SQRT(G24^2+I24^2) -> 0.0072563337 | L24: =J24-1.96*K24 -> -0.02026151 | M24: =J24+1.96*K24 -> 0.0081833181 | N24: =2*(1-NORMSDIST(ABS(J24/K24))) -> 0.4052669 | O24: =IF(N24<0.05,"차이 유의","차이 없음 (p≥0.05)") -> 차이 없음 (p≥0.05)
A25: 시간순fold | B25: R2 | C25: GB | D25: 습도포함 | E25: 시간순 | F25: =전체결과!H55 -> 0.001766611 | G25: =전체결과!I55 -> 0.0061692295 | H25: =전체결과!H57 -> -0.0016155471 | I25: =전체결과!I57 -> 0.0040515244 | J25: =F25-H25 -> 0.0033821581 | K25: =SQRT(G25^2+I25^2) -> 0.0073806668 | L25: =J25-1.96*K25 -> -0.011083949 | M25: =J25+1.96*K25 -> 0.017848265 | N25: =2*(1-NORMSDIST(ABS(J25/K25))) -> 0.646776 | O25: =IF(N25<0.05,"차이 유의","차이 없음 (p≥0.05)") -> 차이 없음 (p≥0.05)

Sheet 전체결과
A1: 블록 | B1: Y | C1: 표본 | D1: 학습기 | E1: 통제변수 | F1: fold | G1: n | H1: θ (로그단위) | I1: SE | J1: 95% CI 하한 | K1: 95% CI 상한 | L1: p값 | M1: 효과 (%) | N1: CI 하한 (%) | O1: CI 상한 (%) | P1: SE (HAC) | Q1: p값 (HAC) | R1: 1단계 R² (Y) | S1: 1단계 R² (PM2.5) | T1: θ seed최소 | U1: θ seed최대
A2: 핵심 | B2: R500 | C2: 쉬는날 | D2: RF | E2: 습도포함 | F2: 랜덤 | G2: 241 | H2: -0.0090722483 | I2: 0.0093417639 | J2: =H2-1.96*I2 -> -0.027382105 | K2: =H2+1.96*I2 -> 0.0092376089 | L2: =2*(1-NORMSDIST(ABS(H2/I2))) -> 0.33147389 | M2: =EXP(H2)-1 -> -0.0090312196 | N2: =EXP(J2)-1 -> -0.027010614 | O2: =EXP(K2)-1 -> 0.0092804073 | P2: 0.010590429 | Q2: =2*(1-NORMSDIST(ABS(H2/P2))) -> 0.39164056 | R2: 0.75753733 | S2: 0.32953842 | T2: -0.010904877 | U2: -0.0032965485
A3: 핵심 | B3: R500 | C3: 쉬는날 | D3: RF | E3: 습도제외 | F3: 랜덤 | G3: 241 | H3: -0.0088846496 | I3: 0.0088338988 | J3: =H3-1.96*I3 -> -0.026199091 | K3: =H3+1.96*I3 -> 0.008429792 | L3: =2*(1-NORMSDIST(ABS(H3/I3))) -> 0.31453825 | M3: =EXP(H3)-1 -> -0.0088452977 | N3: =EXP(J3)-1 -> -0.025858873 | O3: =EXP(K3)-1 -> 0.0084654227 | P3: 0.0095843844 | Q3: =2*(1-NORMSDIST(ABS(H3/P3))) -> 0.35393058 | R3: 0.76078075 | S3: 0.29093535 | T3: -0.010825419 | U3: -0.0050041333
A4: 핵심 | B4: R500 | C4: 쉬는날 | D4: GB | E4: 습도포함 | F4: 랜덤 | G4: 241 | H4: -0.0058015627 | I4: 0.0085493118 | J4: =H4-1.96*I4 -> -0.022558214 | K4: =H4+1.96*I4 -> 0.010955088 | L4: =2*(1-NORMSDIST(ABS(H4/I4))) -> 0.49739137 | M4: =EXP(H4)-1 -> -0.0057847661 | N4: =EXP(J4)-1 -> -0.02230568 | O4: =EXP(K4)-1 -> 0.011015315 | P4: 0.0091192986 | Q4: =2*(1-NORMSDIST(ABS(H4/P4))) -> 0.52465573 | R4: 0.78959977 | S4: 0.33701848 | T4: -0.0096128699 | U4: -0.0038542464
A5: 핵심 | B5: R500 | C5: 쉬는날 | D5: GB | E5: 습도제외 | F5: 랜덤 | G5: 241 | H5: -0.0075814473 | I5: 0.0069556539 | J5: =H5-1.96*I5 -> -0.021214529 | K5: =H5+1.96*I5 -> 0.0060516344 | L5: =2*(1-NORMSDIST(ABS(H5/I5))) -> 0.27572679 | M5: =EXP(H5)-1 -> -0.0075527806 | N5: =EXP(J5)-1 -> -0.020991084 | O5: =EXP(K5)-1 -> 0.0060699825 | P5: 0.0076049442 | Q5: =2*(1-NORMSDIST(ABS(H5/P5))) -> 0.31880805 | R5: 0.77016864 | S5: 0.28286483 | T5: -0.014322146 | U5: -0.0062904959
A6: 핵심 | B6: R500 | C6: 근무일 | D6: RF | E6: 습도포함 | F6: 랜덤 | G6: 486 | H6: -0.011740478 | I6: 0.0030354136 | J6: =H6-1.96*I6 -> -0.017689889 | K6: =H6+1.96*I6 -> -0.0057910677 | L6: =2*(1-NORMSDIST(ABS(H6/I6))) -> 0.00010980601 | M6: =EXP(H6)-1 -> -0.011671828 | N6: =EXP(J6)-1 -> -0.017534342 | O6: =EXP(K6)-1 -> -0.0057743318 | P6: 0.0030775434 | Q6: =2*(1-NORMSDIST(ABS(H6/P6))) -> 0.0001362456 | R6: 0.82599122 | S6: 0.44038165 | T6: -0.012436337 | U6: -0.010752197
A7: 핵심 | B7: R500 | C7: 근무일 | D7: RF | E7: 습도제외 | F7: 랜덤 | G7: 486 | H7: -0.011378965 | I7: 0.0031289694 | J7: =H7-1.96*I7 -> -0.017511745 | K7: =H7+1.96*I7 -> -0.0052461845 | L7: =2*(1-NORMSDIST(ABS(H7/I7))) -> 0.00027620757 | M7: =EXP(H7)-1 -> -0.011314469 | N7: =EXP(J7)-1 -> -0.017359305 | O7: =EXP(K7)-1 -> -0.0052324473 | P7: 0.0032781241 | Q7: =2*(1-NORMSDIST(ABS(H7/P7))) -> 0.00051817317 | R7: 0.81493049 | S7: 0.41945905 | T7: -0.012617523 | U7: -0.010356368
A8: 핵심 | B8: R500 | C8: 근무일 | D8: GB | E8: 습도포함 | F8: 랜덤 | G8: 486 | H8: -0.011443831 | I8: 0.0027020497 | J8: =H8-1.96*I8 -> -0.016739849 | K8: =H8+1.96*I8 -> -0.0061478139 | L8: =2*(1-NORMSDIST(ABS(H8/I8))) -> 2.283068e-05 | M8: =EXP(H8)-1 -> -0.0113786 | N8: =EXP(J8)-1 -> -0.016600516 | O8: =EXP(K8)-1 -> -0.0061289548 | P8: 0.002893055 | Q8: =2*(1-NORMSDIST(ABS(H8/P8))) -> 7.6335869e-05 | R8: 0.84168159 | S8: 0.46932834 | T8: -0.014516615 | U8: -0.010645486
A9: 핵심 | B9: R500 | C9: 근무일 | D9: GB | E9: 습도제외 | F9: 랜덤 | G9: 486 | H9: -0.011472532 | I9: 0.0029374432 | J9: =H9-1.96*I9 -> -0.017229921 | K9: =H9+1.96*I9 -> -0.0057151438 | L9: =2*(1-NORMSDIST(ABS(H9/I9))) -> 9.3984696e-05 | M9: =EXP(H9)-1 -> -0.011406974 | N9: =EXP(J9)-1 -> -0.017082335 | O9: =EXP(K9)-1 -> -0.0056988434 | P9: 0.0030584662 | Q9: =2*(1-NORMSDIST(ABS(H9/P9))) -> 0.00017607882 | R9: 0.82494978 | S9: 0.41599073 | T9: -0.014296228 | U9: -0.010204108
A10: 핵심 | B10: R2 | C10: 쉬는날 | D10: RF | E10: 습도포함 | F10: 랜덤 | G10: 241 | H10: -0.0036977827 | I10: 0.0061092103 | J10: =H10-1.96*I10 -> -0.015671835 | K10: =H10+1.96*I10 -> 0.0082762694 | L10: =2*(1-NORMSDIST(ABS(H10/I10))) -> 0.54499298 | M10: =EXP(H10)-1 -> -0.0036909543 | N10: =EXP(J10)-1 -> -0.015549671 | O10: =EXP(K10)-1 -> 0.0083106124 | P10: 0.0064182089 | Q10: =2*(1-NORMSDIST(ABS(H10/P10))) -> 0.564521 | R10: 0.64591926 | S10: 0.32953842 | T10: -0.0057541929 | U10: -0.0019070959
A11: 핵심 | B11: R2 | C11: 쉬는날 | D11: RF | E11: 습도제외 | F11: 랜덤 | G11: 241 | H11: -0.0023320295 | I11: 0.0057876459 | J11: =H11-1.96*I11 -> -0.013675816 | K11: =H11+1.96*I11 -> 0.0090117565 | L11: =2*(1-NORMSDIST(ABS(H11/I11))) -> 0.68699803 | M11: =EXP(H11)-1 -> -0.0023293124 | N11: =EXP(J11)-1 -> -0.013582726 | O11: =EXP(K11)-1 -> 0.0090524847 | P11: 0.0064418815 | Q11: =2*(1-NORMSDIST(ABS(H11/P11))) -> 0.7173441 | R11: 0.64545631 | S11: 0.29093535 | T11: -0.0039502736 | U11: -0.00023394972
A12: 핵심 | B12: R2 | C12: 쉬는날 | D12: GB | E12: 습도포함 | F12: 랜덤 | G12: 241 | H12: -0.0062995069 | I12: 0.0063304489 | J12: =H12-1.96*I12 -> -0.018707187 | K12: =H12+1.96*I12 -> 0.0061081729 | L12: =2*(1-NORMSDIST(ABS(H12/I12))) -> 0.3196817 | M12: =EXP(H12)-1 -> -0.0062797066 | N12: =EXP(J12)-1 -> -0.018533293 | O12: =EXP(K12)-1 -> 0.0061268658 | P12: 0.0069350693 | Q12: =2*(1-NORMSDIST(ABS(H12/P12))) -> 0.36369054 | R12: 0.69039043 | S12: 0.33701848 | T12: -0.010189814 | U12: -0.005143284
A13: 핵심 | B13: R2 | C13: 쉬는날 | D13: GB | E13: 습도제외 | F13: 랜덤 | G13: 241 | H13: -0.0061470954 | I13: 0.006105899 | J13: =H13-1.96*I13 -> -0.018114657 | K13: =H13+1.96*I13 -> 0.0058204667 | L13: =2*(1-NORMSDIST(ABS(H13/I13))) -> 0.31405638 | M13: =EXP(H13)-1 -> -0.0061282406 | N13: =EXP(J13)-1 -> -0.017951573 | O13: =EXP(K13)-1 -> 0.0058374386 | P13: 0.0059062859 | Q13: =2*(1-NORMSDIST(ABS(H13/P13))) -> 0.2979815 | R13: 0.70698343 | S13: 0.28286483 | T13: -0.0067611028 | U13: -0.0015600715
... A61: 기준(전체) | B61: ln_total | C61: 전체 | D61: GB | E61: 습도포함 | F61: 랜덤 | G61: 727 | H61: 0.002854369 | I61: 0.0073867686 | J61: =H61-1.96*I61 -> -0.011623698 | K61: =H61+1.96*I61 -> 0.017332435 | L61: =2*(1-NORMSDIST(ABS(H61/I61))) -> 0.69918826 | M61: =EXP(H61)-1 -> 0.0028584465 | N61: =EXP(J61)-1 -> -0.011556403 | O61: =EXP(K61)-1 -> 0.017483514 | P61: 0.0075406176 | Q61: =2*(1-NORMSDIST(ABS(H61/P61))) -> 0.70503504 | R61: 0.86923921 | S61: 0.47643281 | T61: -4.0164746e-05 | U61: 0.0048187983

Sheet 설정·주의
A1: 항목 | B1: 내용
A2: 모형 | B2: Partially linear DML: Y = θ·D + g(X) + e, D = m(X) + v. 5-fold cross-fitting, seed 0–4 중앙값 (SE = √median(SE_s² + (θ_s−θ)²), Chernozhukov et al. 2018)
A3: 처치 D | B3: 서울 PM2.5 일평균 ÷ 10 → θ는 PM2.5 +10 µg/m³당 효과 (로그단위). 효과(%) = e^θ − 1
A4: 통제 X (기본) | B4: Week 4 노트북 Xmat과 동일: 평균기온, rain_mm, rain_day, 평균풍속, snow_cm, Day_Off, 요일, 월, day-of-year, 연도, 추세 t, 평균습도(습도포함일 때). 쉬는날/근무일 분리 시 Day_Off는 상수
A5: 일조추가 | B5: 기본 + 합계 일조시간, 합계 일사량, 평균 전운량 (일조·일사 공란 4일 중 2일은 이미 풍속결측으로 제외, 나머지 2일(2024-11-16, 2025-09-13) 추가 제외 → 쉬는날 239일, 전체 725일)
A6: 학습기 | B6: Week 4와 동일 — RF: 500 trees, min_samples_leaf=5 / GB: 300 trees, lr=0.05, depth=3, subsample=0.8
A7: 표본 | B7: 727일 = 731일 − 풍속결측 3일(2024-03-11,12,14) − 2025-02-28(원자료 절단). 쉬는날(Day_Off=1) 241일, 근무일 486일
A8: Y 정의 | B8: R500 = ln(한강500) − ln(그외500); R1km 동일(1km); R500_panel = panel_all5=1 대여소만; R500_noTrib = 지류 5개(227,556,3550,3761,3794) 제외; R2 = ln(왕복) − ln(편도); ln_h500 = ln(한강500 대여); ln_total = ln(서울 전체 대여)
A9: R 변수 재계산 | B9: v3 엑셀의 R 열은 수식이고 캐시값이 없어 pandas로 읽으면 빈칸 → 같은 정의로 Python에서 재계산. 한강+그외+위치미상 = 총이용 검증 0건 불일치
A10: SE (HAC) | B10: 직교 score에 Newey-West(lag=floor(4(n/100)^(2/9))) 적용한 자기상관 보정 SE. 쉬는날 표본은 날짜가 연속이 아니라 근사치
A11: 시간순 fold | B11: 날짜순으로 5개 연속 구간으로 나눔 (셔플 없음). 이웃 날짜 간 정보 누설 차단용 검증
A12: 재현 확인 | B12: Week 4 노트북 설정으로 서울 전체 RF·습도포함 재실행 = −0.32% (Week 4 보고 −0.315%). 차이는 v2→v3 데이터 갱신 수준
... A14: 색 규칙 | B14: 파란 글씨 = Python에서 계산된 입력값, 검은 글씨 = 엑셀 수식, 초록 = 다른 시트 참조
